label_index,dir_id,species,common_name,train_count,valid_count,test_count,total_count
0,5361899,Ficus Lyrata,Fiddle-leaf fig,128,10,10,148
1,2868241,Monstera Deliciosa,Swiss cheese plant,110,10,10,130
2,2868323,Epipremnum aureum,Golden pothos,76,9,11,96
3,2985944,Kalanchoe Blossfeldiana,Flaming Katy,86,5,7,98
4,2765221,Tradescantia pallida,Purple heart,95,10,11,116
5,2927096,Ocimum basilicum,Basil,94,9,11,114
6,5362063,Crassula Ovata,Jade plant,83,10,11,104
7,2869680,Spathiphyllum wallisii,Peace lily,109,9,10,128
8,9388529,Haworthiopsis attenuata,Zebra haworthia,27,3,4,34
9,8315197,Echeveria Elegans,Mexican snowball,47,5,7,59
10,2930137,Solanum lycopersicum L.,Tomato,158,10,10,178
